Pathway	SRR12919600
UNMAPPED	1.0000000000
UNINTEGRATED	1.0000000000
