Pathway	SRR12919600
UNMAPPED	0.0000000000
UNINTEGRATED	0.0000000000
