Gene Family	SRR12919600
UNMAPPED	880809.0
UNGROUPED	119190.55826
UNGROUPED|unclassified	119190.55826
